method,mean_m,std_m
RandomForest,2.321920861769805,0.13043183078570164
GradientBoosting,2.639410913239856,0.03750730310018717
XGBoost_GridSearch,3.1289847741785075,0.0
CatBoost,2.6322089934766724,0.0
