mean_ms,median_ms,p95_ms,p99_ms,min_ms,max_ms,std_ms,method
0.2794364699957441,0.2754664999429224,0.307263900003818,0.32599052993873745,0.23402500005431648,0.689769000018714,0.04524509698092789,KWNN_euclidean_k3
0.3135810299977493,0.30055349998292513,0.395134100051564,0.5000638600427016,0.23471600002267223,0.6314229999588861,0.06261728700743369,KWNN_manhattan_k3
0.24582882000913742,0.23455600000943377,0.2972259500097607,0.3568425800062875,0.22647400010100682,0.4763930000990513,0.0323021843352809,KWNN_euclidean_k6
0.2634367900145662,0.2519065000115006,0.31535924996433096,0.48902018998433117,0.2252120000321156,0.6226890000107232,0.05004327950357273,KWNN_manhattan_k6
0.03594427998905303,0.034530999982962385,0.04386490008982945,0.05807642985018902,0.03351899999870511,0.059208000038779574,0.004740244172351378,MLP_Arch1_3Layer
0.0640808499861123,0.0628435000180616,0.08466465005767532,0.09086250005339025,0.04175199978817545,0.09160500007965311,0.011394106466377106,MLP_Arch2_4Layer
52.58519853998678,51.6168279999647,59.41746050012853,69.27662685988727,39.22555799999827,108.7073229998623,7.166223513719707,RandomForest
0.31738320000613385,0.2973894999058757,0.4124662000435819,0.5769778599096755,0.2834290000919282,0.6141879998722288,0.05470120143081771,GradientBoosting
